caption	url
什么燕窝美容养颜	https://gimg2.baidu.com/image_search/src=http%3A%2F%2Fwww.haoyanwo.net%2Fwp-content%2Fuploads%2F20190813052837-5d524a853097a.jpg&refer=http%3A%2F%2Fwww.haoyanwo.net&app=2002&size=f9999,10000&q=a80&n=0&g=0n&fmt=jpeg?sec=1631768147&t=616d54d16af354144b2e5be0fcd9815a
柠檬果酱	https://gimg2.baidu.com/image_search/src=http%3A%2F%2Fhbimg.b0.upaiyun.com%2F9866de5b709a5ea2f19d0222cda768a01b03d3d51516f-N7czTQ_fw236&refer=http%3A%2F%2Fhbimg.b0.upaiyun.com&app=2002&size=f9999,10000&q=a80&n=0&g=0n&fmt=jpeg?sec=1631038165&t=96c1515d59190dce908619b92d88113e
蒜薹炒肉盖饭	https://gimg2.baidu.com/image_search/src=http%3A%2F%2Fcp1.douguo.com%2Fupload%2Fdiet%2F1%2F7%2Fe%2F17e9e899f3877254cb0ba52319299e2e.jpg&refer=http%3A%2F%2Fcp1.douguo.com&app=2002&size=f9999,10000&q=a80&n=0&g=0n&fmt=jpeg?sec=1630758279&t=562f5b5293dd59a552f7b8caae37b025
晨甸早餐	https://gimg2.baidu.com/image_search/src=http%3A%2F%2Fpicdn.gomaji.com%2Fuploads%2Fstores%2F712%2F149712%2F242406%2FA%281%29.jpg&refer=http%3A%2F%2Fpicdn.gomaji.com&app=2002&size=f9999,10000&q=a80&n=0&g=0n&fmt=jpeg?sec=1630775983&t=3585cf0fdcc97434fce61b8305883bc2
西红柿面汤的做法	https://gimg2.baidu.com/image_search/src=http%3A%2F%2Fcp2.douguo.net%2Fupload%2Fcaiku%2F3%2F4%2F1%2Fyuan_340d7f6aa098c63fc31ed0b7a0bedc41.jpg&refer=http%3A%2F%2Fcp2.douguo.net&app=2002&size=f9999,10000&q=a80&n=0&g=0n&fmt=jpeg?sec=1632602382&t=d07b40cfc3878812e35177c06e5bde14
小葱 	https://pics4.baidu.com/feed/6f061d950a7b020829921354f92deed5562cc822.jpeg?token=f9b09ddf60a81ef21de1b301a952e1c3&s=989ABAF39A67C6CE46310E180300A056
杭绍台高速	https://gimg2.baidu.com/image_search/src=http%3A%2F%2Fp2.ssl.cdn.btime.com%2Ft01559fba0b8bef67f7.jpg&refer=http%3A%2F%2Fp2.ssl.cdn.btime.com&app=2002&size=f9999,10000&q=a80&n=0&g=0n&fmt=jpeg?sec=1630934946&t=66e9a2038b47f86d5538eddb061697cc
广东老字号珠江桥牌蒸鱼豉油500ml清蒸鱼酱油海鲜酱油	https://gimg2.baidu.com/image_search/src=http%3A%2F%2Fimg.alicdn.com%2Fi4%2F725677994%2FTB2nhgkoZnI8KJjSsziXXb8QpXa_%21%21725677994.jpg&refer=http%3A%2F%2Fimg.alicdn.com&app=2002&size=f9999,10000&q=a80&n=0&g=0n&fmt=jpeg?sec=1632557481&t=db99a07652ea7fcff77ab5c573a4f232
培根肉卷	https://ss0.baidu.com/94o3dSag_xI4khGko9WTAnF6hhy/baike/pic/item/78310a55b319ebc4ef66e30c8626cffc1e17160c.jpg
彩虹无人机	https://ss1.baidu.com/9vo3dSag_xI4khGko9WTAnF6hhy/baike/pic/item/622762d0f703918ff96fda53523d269758eec4e9.jpg
代装奶粉	https://gimg2.baidu.com/image_search/src=http%3A%2F%2Fg-search1.alicdn.com%2Fimg%2Fbao%2Fuploaded%2Fi3%2F890349460%2FTB1MButuxWYBuNjy1zkXXXGGpXa_%21%210-item_pic.jpg_300x300.jpg&refer=http%3A%2F%2Fg-search1.alicdn.com&app=2002&size=f9999,10000&q=a80&n=0&g=0n&fmt=jpeg?sec=1632536615&t=7c0e54786dc91b79a6d04d8aed87e798
四川烧三鲜	https://gimg2.baidu.com/image_search/src=http%3A%2F%2Fcp1.douguo.net%2Fupload%2Fcaiku%2Fc%2F8%2F0%2F600x400_c896f247ac3f790f848d902819a5e980.jpg&refer=http%3A%2F%2Fcp1.douguo.net&app=2002&size=f9999,10000&q=a80&n=0&g=0n&fmt=jpeg?sec=1632919090&t=7200b6f28dfa3959c00bb708786f6823
脆笋片	https://gimg2.baidu.com/image_search/src=http%3A%2F%2Fqcloud.dpfile.com%2Fpc%2F6H24xt9V_wTfsRZ3vwNWFTZvJPDHuhVj-OtG0JgBn-cZWk8eZQMRW2FeuVD9x_wbTYGVDmosZWTLal1WbWRW3A.jpg&refer=http%3A%2F%2Fqcloud.dpfile.com&app=2002&size=f9999,10000&q=a80&n=0&g=0n&fmt=jpeg?sec=1630879232&t=2c4a5cecaffad9d89286033d251e4eed
桂格快煮燕麦片700gx2包装营养谷物早餐麦片粗粮健身	https://img.alicdn.com/bao/uploaded/i1/2207910440659/O1CN01HS6nGn1GjrcsrmsDK_%21%210-item_pic.jpg
梅花镇政府	https://gimg2.baidu.com/image_search/src=http%3A%2F%2Fwx2.sinaimg.cn%2Flarge%2F008lTW8Zly4gt2jnpqv7cj30u013zhdt.jpg&refer=http%3A%2F%2Fwx2.sinaimg.cn&app=2002&size=f9999,10000&q=a80&n=0&g=0n&fmt=jpeg?sec=1630586195&t=5aa18d0cc38a99be7494bc3c2e6de34b
卡通兔子拔胡萝卜	https://gimg2.baidu.com/image_search/src=http%3A%2F%2Fimages.669pic.com%2Felement_pic%2F33%2F22%2F76%2F6%2F02c77ba7cf0b1f58aeba0a641c6320b9.jpg%21w700wb&refer=http%3A%2F%2Fimages.669pic.com&app=2002&size=f9999,10000&q=a80&n=0&g=0n&fmt=jpeg?sec=1632520062&t=ccb02115e7e2b7d3df77acd048ea41bb
荷叶尖尖	https://gimg2.baidu.com/image_search/src=http%3A%2F%2Fimg.pconline.com.cn%2Fimages%2Fphotoblog%2F5%2F8%2F8%2F7%2F5887407%2F200910%2F25%2F1256484788704_mthumb.jpg&refer=http%3A%2F%2Fimg.pconline.com.cn&app=2002&size=f9999,10000&q=a80&n=0&g=0n&fmt=jpeg?sec=1630939417&t=aee5d9cc76c1244b460f9222daae6b09
葡萄干芒果意式脆饼	https://gimg2.baidu.com/image_search/src=http%3A%2F%2Fi5.xiachufang.com%2Fimage%2F600%2F7366c06ea16611e38844b8ca3aeed2d7.jpg&refer=http%3A%2F%2Fi5.xiachufang.com&app=2002&size=f9999,10000&q=a80&n=0&g=0n&fmt=jpeg?sec=1630925135&t=56e719d05bb7bcfebdd3715ca68f467f
东阴牛肉河粉	https://gimg2.baidu.com/image_search/src=http%3A%2F%2Fqcloud.dpfile.com%2Fpc%2FJW9WB_V6tBzswC8U5GyRlqbDo0ToFctcqvsWbN_19JX3KwWRL7kMtpZq2jMugPaCTYGVDmosZWTLal1WbWRW3A.jpg&refer=http%3A%2F%2Fqcloud.dpfile.com&app=2002&size=f9999,10000&q=a80&n=0&g=0n&fmt=jpeg?sec=1630693723&t=d6e4ee149ed636bb18c8d42da55cdad9
大成海鲜烧烤	https://gimg2.baidu.com/image_search/src=http%3A%2F%2Fqcloud.dpfile.com%2Fpc%2FgQ77CL675pDHiFLSQp5rRMOtlVkIfbNZ-TCWF6VElo1HEb2U3o5Ti4J7oeXIQl8vTK-l1dfmC-sNXFHV2eRvcw.jpg&refer=http%3A%2F%2Fqcloud.dpfile.com&app=2002&size=f9999,10000&q=a80&n=0&g=0n&fmt=jpeg?sec=1632544443&t=28a1822e68535501676abc962a8850eb
蒜蓉烤肠	https://gimg2.baidu.com/image_search/src=http%3A%2F%2Fimg.alicdn.com%2Fimgextra%2Fi1%2FTB2J1C3gTnI8KJjSszgXXc8ApXa_%21%212938170912.jpg_400x400.jpg&refer=http%3A%2F%2Fimg.alicdn.com&app=2002&size=f9999,10000&q=a80&n=0&g=0n&fmt=jpeg?sec=1632584477&t=571c594ed23baab41e89a4dfe82c3f54
岐山臊子肉	https://gimg2.baidu.com/image_search/src=http%3A%2F%2Fi2.chuimg.com%2Fd1180a9ac71646c9a86a38610a2d415d_1080w_864h.jpg%3FimageView2%2F2%2Fw%2F660%2Finterlace%2F1%2Fq%2F90&refer=http%3A%2F%2Fi2.chuimg.com&app=2002&size=f9999,10000&q=a80&n=0&g=0n&fmt=jpeg?sec=1630926570&t=2dc89aeec7a26fb22d3615ce9e4a20f1
甘禄福兰州牛肉面烤羊	https://gimg2.baidu.com/image_search/src=http%3A%2F%2Fp0.meituan.net%2Fshaitu%2F387f7c4af68e6ea3c724aa4d583da69e2289244.jpg&refer=http%3A%2F%2Fp0.meituan.net&app=2002&size=f9999,10000&q=a80&n=0&g=0n&fmt=jpeg?sec=1630773830&t=e1de0a4c02a6330997812fcb905ab82c
鲟鱼火锅	https://gimg2.baidu.com/image_search/src=http%3A%2F%2Fcp1.douguo.net%2Fupload%2Fcaiku%2Fa%2F4%2F7%2Fyuan_a464cacccdc2d9b3f13ec901e07fbd77.jpg&refer=http%3A%2F%2Fcp1.douguo.net&app=2002&size=f9999,10000&q=a80&n=0&g=0n&fmt=jpeg?sec=1632620224&t=d1db73ea75cf7c623f1d17e129350d62
茄子土豆炒肉丁	https://gimg2.baidu.com/image_search/src=http%3A%2F%2Fcp1.douguo.com%2Fupload%2Fcaiku%2F8%2F0%2Ff%2Fyuan_80ddf30e61818d0b6d4ff2177bb65f4f.jpeg&refer=http%3A%2F%2Fcp1.douguo.com&app=2002&size=f9999,10000&q=a80&n=0&g=0n&fmt=jpeg?sec=1631090986&t=09340d50b061b6a814642518864904ff
秒切肉馅	https://gimg2.baidu.com/image_search/src=http%3A%2F%2Fi2.chuimg.com%2F64afeb9f9c024166be89c5d73b010582_684w_912h.jpg%3FimageView2%2F2%2Fw%2F660%2Finterlace%2F1%2Fq%2F90&refer=http%3A%2F%2Fi2.chuimg.com&app=2002&size=f9999,10000&q=a80&n=0&g=0n&fmt=jpeg?sec=1630753105&t=bc2d99e8caebfcaae13d40176e91276b
武汉,武汉天地	https://gimg2.baidu.com/image_search/src=http%3A%2F%2Finews.gtimg.com%2Fnewsapp_match%2F0%2F10195549672%2F0.jpg&refer=http%3A%2F%2Finews.gtimg.com&app=2002&size=f9999,10000&q=a80&n=0&g=0n&fmt=jpeg?sec=1631030628&t=4878b76f6f9a49ca5113d9ea2b4249ad
杭州牛皮糖直销杭州牛皮糖厂家杭州牛皮糖批发利合春供	https://gimg2.baidu.com/image_search/src=http%3A%2F%2Fimg2016.cn5135.com%2Fuploads%2FPic%2F2016%2F10%2F22%2F538551_2016102214237109.jpg&refer=http%3A%2F%2Fimg2016.cn5135.com&app=2002&size=f9999,10000&q=a80&n=0&g=0n&fmt=jpeg?sec=1631044739&t=f0912fe9b0ddb65e2fb5db7504ef5ca3
黄豆芽炒韭菜	https://gimg2.baidu.com/image_search/src=http%3A%2F%2Fn.sinaimg.cn%2Fsinacn17%2F384%2Fw2048h1536%2F20180422%2F0666-fytnfyp9159493.jpg&refer=http%3A%2F%2Fn.sinaimg.cn&app=2002&size=f9999,10000&q=a80&n=0&g=0n&fmt=jpeg?sec=1631099803&t=e29762aff483ef9b702e3515f352317b
芫茜豆腐鱼头汤	https://gimg2.baidu.com/image_search/src=http%3A%2F%2Fqcloud.dpfile.com%2Fpc%2FBGUB-pXrcjYhxnnzRxfaYj4XSOrpwJqYW9yuA_uaQKLRKFpYEo6H3OpKaU98Sy8-TYGVDmosZWTLal1WbWRW3A.jpg&refer=http%3A%2F%2Fqcloud.dpfile.com&app=2002&size=f9999,10000&q=a80&n=0&g=0n&fmt=jpeg?sec=1631115287&t=c8a78f48d549aa52d26af3c52df2fd28
茄汁培根意大利面	https://gimg2.baidu.com/image_search/src=http%3A%2F%2Fqcloud.dpfile.com%2Fpc%2FXt1rWT-hNUwbyv9pRTiYv9aIX8-KrJJa1pOkFJ3SlUScMigAUegRLPuVOFE1h-49TYGVDmosZWTLal1WbWRW3A.jpg&refer=http%3A%2F%2Fqcloud.dpfile.com&app=2002&size=f9999,10000&q=a80&n=0&g=0n&fmt=jpeg?sec=1630603343&t=f452c5befa9b6f26d94c921ecb4795f3
木子香蛋皮馄饨	https://gimg2.baidu.com/image_search/src=http%3A%2F%2Fp1.meituan.net%2Fwaimaipoi%2F7e5d08edfab9166194c6c0b7b33909d540912.jpg&refer=http%3A%2F%2Fp1.meituan.net&app=2002&size=f9999,10000&q=a80&n=0&g=0n&fmt=jpeg?sec=1632504447&t=53318a3b235feaaf5e58aa2ede3063fa
葱油蛋饼 	https://gimg2.baidu.com/image_search/src=http%3A%2F%2Fwap.jiachangcai123.com%2Fuploads%2Fallimg%2F140521%2F1-140521102244W9.jpg&refer=http%3A%2F%2Fwap.jiachangcai123.com&app=2002&size=f9999,10000&q=a80&n=0&g=0n&fmt=jpeg?sec=1631115250&t=0d0c0682322a131b2a52b253018bb136
烤牛肉丸	https://gimg2.baidu.com/image_search/src=http%3A%2F%2Fimg.mp.itc.cn%2Fupload%2F20170816%2F4cbf7ebf0a31455da2e71821b0655d75_th.jpg&refer=http%3A%2F%2Fimg.mp.itc.cn&app=2002&size=f9999,10000&q=a80&n=0&g=0n&fmt=jpeg?sec=1632597048&t=80c06b85143c5dfac5a46f60a87a8353
潮汕工夫茶	https://gimg2.baidu.com/image_search/src=http%3A%2F%2Fm.doc.100lw.com%2Fpic%2Fa9885069db2ed2019e6aca58%2F3-810-jpg_6-1080-0-0-1080.jpg&refer=http%3A%2F%2Fm.doc.100lw.com&app=2002&size=f9999,10000&q=a80&n=0&g=0n&fmt=jpeg?sec=1632619437&t=3d51c8bd9dec015a45aab4b327d924d6
鲜椒肥肠鱼	https://gimg2.baidu.com/image_search/src=http%3A%2F%2Fp1.meituan.net%2Fshaitu%2Fee3301175908cde561f9ed14c9bdfbfe371923.jpg&refer=http%3A%2F%2Fp1.meituan.net&app=2002&size=f9999,10000&q=a80&n=0&g=0n&fmt=jpeg?sec=1631115858&t=0b8b9b45dbb156278909fd4b3b929cf4
烤鸭胸肉炒红薯焖子	https://gimg2.baidu.com/image_search/src=http%3A%2F%2Fcp1.douguo.com%2Fupload%2Fcaiku%2Fa%2F3%2F8%2F600x400_a394ce60b6dbc89345272aad6562b9d8.jpg&refer=http%3A%2F%2Fcp1.douguo.com&app=2002&size=f9999,10000&q=a80&n=0&g=0n&fmt=jpeg?sec=1630919267&t=7313dabf031ada619257469dac9e4a58
东北土菜红焖肉炖三干	https://ss0.baidu.com/94o3dSag_xI4khGko9WTAnF6hhy/exp/w=500/sign=cac884bab07eca80120539e7a1229712/a6efce1b9d16fdfad788e477b48f8c5495ee7b46.jpg
泡椒蒸鸡	https://gimg2.baidu.com/image_search/src=http%3A%2F%2Fcp1.douguo.net%2Fupload%2Fcaiku%2F1%2Fc%2Ff%2Fyuan_1c0d29a4fa1c3b263b8722c38c013fbf.jpg&refer=http%3A%2F%2Fcp1.douguo.net&app=2002&size=f9999,10000&q=a80&n=0&g=0n&fmt=jpeg?sec=1630848659&t=e85b9d41fafbf0c66eb9e20d6540ec34
山寺桃花	https://gimg2.baidu.com/image_search/src=http%3A%2F%2Fwsing.bssdl.kugou.com%2F10d4e2e5052b8aec604ceb12db1487c2.jpg_640x640.jpg&refer=http%3A%2F%2Fwsing.bssdl.kugou.com&app=2002&size=f9999,10000&q=a80&n=0&g=0n&fmt=jpeg?sec=1632563166&t=4e7df145dab559cad026e0181563b2ea
大眼金梭鱼	https://gimg2.baidu.com/image_search/src=http%3A%2F%2Fi7.qhimg.com%2Fdmsmty%2F350_200_%2Ft0107f6edd231b523df.jpg&refer=http%3A%2F%2Fi7.qhimg.com&app=2002&size=f9999,10000&q=a80&n=0&g=0n&fmt=jpeg?sec=1631129028&t=69bdf8eb6d7cbfab05754d7e81efdfc8
减肥别来	https://gimg2.baidu.com/image_search/src=http%3A%2F%2F5b0988e595225.cdn.sohucs.com%2Fimages%2F20190704%2F5f6adf040ba34541a9e2d690f98b3fda.jpeg&refer=http%3A%2F%2F5b0988e595225.cdn.sohucs.com&app=2002&size=f9999,10000&q=a80&n=0&g=0n&fmt=jpeg?sec=1630850387&t=2063dbe1bd5f2a5691da48b34203794c
新疆石河子凉皮	https://gimg2.baidu.com/image_search/src=http%3A%2F%2F5b0988e595225.cdn.sohucs.com%2Fimages%2F20180122%2F19cae8d99ac2470fbe4b570a2cfd15fe.jpeg&refer=http%3A%2F%2F5b0988e595225.cdn.sohucs.com&app=2002&size=f9999,10000&q=a80&n=0&g=0n&fmt=jpeg?sec=1632928589&t=3463f2a0861d6349ac703d1a5a69b85d
香瓜zzzz	https://gimg2.baidu.com/image_search/src=http%3A%2F%2Fwx1.sinaimg.cn%2Forj360%2F0061mkavgy1ga5voipbzdj30u01t0q7h.jpg&refer=http%3A%2F%2Fwx1.sinaimg.cn&app=2002&size=f9999,10000&q=a80&n=0&g=0n&fmt=jpeg?sec=1630740014&t=49a293469291ef0c82d43b3642d21ced
天妇罗鳗鱼卷	https://gimg2.baidu.com/image_search/src=http%3A%2F%2Fqcloud.dpfile.com%2Fpc%2F5MGtxMat3eH9kx1Jc9902VJfkiLOj72KaFsPJmTfssGUDUk6-KqvLg70OVUXtjEHTYGVDmosZWTLal1WbWRW3A.jpg&refer=http%3A%2F%2Fqcloud.dpfile.com&app=2002&size=f9999,10000&q=a80&n=0&g=0n&fmt=jpeg?sec=1631140611&t=abb80afaf0dda6ae45d96094d9eeaf90
钰洁腊排骨火锅	https://gimg2.baidu.com/image_search/src=http%3A%2F%2Fm.tuniucdn.com%2Ffb2%2Ft1%2FG2%2FM00%2FA7%2F22%2FCii-Tlht9nuIPBr3AATOeo_IN7kAAGXQgLcXsoABM6S154_w800_h400_c1_t0.jpg&refer=http%3A%2F%2Fm.tuniucdn.com&app=2002&size=f9999,10000&q=a80&n=0&g=0n&fmt=jpeg?sec=1632538879&t=2af18de5b6109bb6ac855faa2e0ef0e8
燕京帝道啤酒	https://gimg2.baidu.com/image_search/src=http%3A%2F%2Fqcloud.dpfile.com%2Fpc%2FxTQIQunq_QnvNHx9AGRuciB2ZwYljbrgi8m-JMc-dmx4HSJ6OHF9_w-Vf3sTUGo3joJrvItByyS4HHaWdXyO_DrXIaWutJls2xCVbatkhjUNNiIYVnHvzugZCuBITtvjski7YaLlHpkrQUr5euoQrg.jpg&refer=http%3A%2F%2Fqcloud.dpfile.com&app=2002&size=f9999,10000&q=a80&n=0&g=0n&fmt=jpeg?sec=1631075210&t=3776770917a587d54eac644894e7c52d
13,蛤蜊蒸蛋	https://gimg2.baidu.com/image_search/src=http%3A%2F%2F5b0988e595225.cdn.sohucs.com%2Fimages%2F20171001%2F2fdc1300984346c691d6a5fe5bdd559b.jpeg&refer=http%3A%2F%2F5b0988e595225.cdn.sohucs.com&app=2002&size=f9999,10000&q=a80&n=0&g=0n&fmt=jpeg?sec=1632934345&t=4aa66c270cdfebf133b12a34899cc4c6
马兰头炒鸡蛋	https://gimg2.baidu.com/image_search/src=http%3A%2F%2Fi8.meishichina.com%2Fattachment%2Frecipe%2F2016%2F05%2F03%2F2016050314622844473179273710.jpg%40%21p800&refer=http%3A%2F%2Fi8.meishichina.com&app=2002&size=f9999,10000&q=a80&n=0&g=0n&fmt=jpeg?sec=1632507178&t=042a4186053675f067dec302bdbc0f03
美容养颜石斛红枣桂圆茶	https://ss1.baidu.com/9vo3dSag_xI4khGko9WTAnF6hhy/exp/w=480/sign=2ddbdc8d02e9390156028c364bed54f9/dc54564e9258d109e2dccd1fd258ccbf6c814d5b.jpg
车厘子牛乳裸蛋糕	https://gimg2.baidu.com/image_search/src=http%3A%2F%2Fp0.meituan.net%2Fdpgroup%2F29f490d1640bc8bbec394409d3bb982b267084.jpg%2540820w_0e_1l%257Cwatermark%3D0&refer=http%3A%2F%2Fp0.meituan.net&app=2002&size=f9999,10000&q=a80&n=0&g=0n&fmt=jpeg?sec=1632577465&t=822e5b879f041cfd81bad9cdfcfe2089
全家麦片坚果水果燕麦片黑芝麻糊五谷粗粮谷物核桃粉	https://gimg2.baidu.com/image_search/src=http%3A%2F%2Fa.vpimg2.com%2Fupload%2Fmerchandise%2Fpdcpos%2F1100010532%2F2021%2F0618%2F154%2Fdc1599b6-72f5-4fd9-b57d-dcdbe34e4278.jpg&refer=http%3A%2F%2Fa.vpimg2.com&app=2002&size=f9999,10000&q=a80&n=0&g=0n&fmt=jpeg?sec=1630911010&t=7c41ac82d8c60bd2450a7bf4a12f1777
拔丝山药豆	https://gimg2.baidu.com/image_search/src=http%3A%2F%2Fwww.shanyao.org%2Fwp-content%2Fuploads%2F2014%2F05%2Fbasishanyaodou.jpg&refer=http%3A%2F%2Fwww.shanyao.org&app=2002&size=f9999,10000&q=a80&n=0&g=0n&fmt=jpeg?sec=1630767511&t=2fe58588259208b9660ffe45dde7ebbe
牛肉馄饨的做法	https://gimg2.baidu.com/image_search/src=http%3A%2F%2Fcp1.douguo.com%2Fupload%2Fcaiku%2Fb%2Fe%2F7%2Fyuan_be481819e9135f307469311572840797.jpg&refer=http%3A%2F%2Fcp1.douguo.com&app=2002&size=f9999,10000&q=a80&n=0&g=0n&fmt=jpeg?sec=1631087165&t=7629e8bd23654983dde8dba8490f7e11
冰镇洋梨	https://gimg2.baidu.com/image_search/src=http%3A%2F%2Fpic4.zhimg.com%2Fv2-6631d3d5a98520867c700181f9751217_b.jpg&refer=http%3A%2F%2Fpic4.zhimg.com&app=2002&size=f9999,10000&q=a80&n=0&g=0n&fmt=jpeg?sec=1630927712&t=ddbb29989c0294a008ffe762dcb75540
芃芃野溪温泉	https://gimg2.baidu.com/image_search/src=http%3A%2F%2Fwww.datong-travel.tw%2Fupload%2Fimages%2Ftrack%2Fref_20171119032239_4.jpg&refer=http%3A%2F%2Fwww.datong-travel.tw&app=2002&size=f9999,10000&q=a80&n=0&g=0n&fmt=jpeg?sec=1632928527&t=22a0a0d855754d6374c9a8a9e9a19819
五彩糯米蛋	https://gimg2.baidu.com/image_search/src=http%3A%2F%2Fi8.meishichina.com%2Fattachment%2Frecipe%2F2018%2F01%2F05%2F2018010515150836765427876234.jpg%40%21p800&refer=http%3A%2F%2Fi8.meishichina.com&app=2002&size=f9999,10000&q=a80&n=0&g=0n&fmt=jpeg?sec=1632934036&t=13b6772d35bd12d56d12e366020f8f75
香辣海蜇头	https://gimg2.baidu.com/image_search/src=http%3A%2F%2Fcp2.douguo.net%2Fupload%2Fcaiku%2F3%2Fe%2F7%2Fyuan_3e95e417666718b0b51d42db6ca49fd7.jpg&refer=http%3A%2F%2Fcp2.douguo.net&app=2002&size=f9999,10000&q=a80&n=0&g=0n&fmt=jpeg?sec=1630846995&t=cb4bcadff4ae6003e4054dd39d7a33fb
猪肝炒肥肠	https://gimg2.baidu.com/image_search/src=http%3A%2F%2Fp1.meituan.net%2Fdeal%2F127bf6b08c0adcad99979e4a3e608f5f292968.jpg&refer=http%3A%2F%2Fp1.meituan.net&app=2002&size=f9999,10000&q=a80&n=0&g=0n&fmt=jpeg?sec=1632561272&t=6119295151363134ed97fb5582ec2783
酱爆鸭肉卷饼	https://ss0.baidu.com/7Po3dSag_xI4khGko9WTAnF6hhy/baike/s=220/sign=834789b6e6cd7b89ed6c3d813f244291/2f738bd4b31c8701f6cb3b9a277f9e2f0708ff49.jpg
传统德州烤美国猪小排	https://gimg2.baidu.com/image_search/src=http%3A%2F%2Fqcloud.dpfile.com%2Fpc%2Fl3GNCkH3HW4uUI5TaI0f-kUU6xcEO_bBWx-zEam7ZUw_GsajBx04AOnVbEQHpEGmTYGVDmosZWTLal1WbWRW3A.jpg&refer=http%3A%2F%2Fqcloud.dpfile.com&app=2002&size=f9999,10000&q=a80&n=0&g=0n&fmt=jpeg?sec=1631098081&t=eca319056f51ae1d9efc6f8e2a8e3248
满满的烤包子	https://pics5.baidu.com/feed/8435e5dde71190ef4e992f3ab908ce10fcfa608a.jpeg?token=b6f9cdfeea132bc2137b20673bbba01e&s=75AD27BE00C3F2F7DD274D270300704A
海鲜缤纷炒饭	https://gimg2.baidu.com/image_search/src=http%3A%2F%2Fi8.meishichina.com%2Fattachment%2Frecipe%2F201209%2F201209261350011348657280.jpg%3Fx-oss-process%3Dstyle%2Fp800&refer=http%3A%2F%2Fi8.meishichina.com&app=2002&size=f9999,10000&q=a80&n=0&g=0n&fmt=jpeg?sec=1632554996&t=d108e69b70779ba8e09e930a8ecc2d41
油炸鸡蛋丝	https://gimg2.baidu.com/image_search/src=http%3A%2F%2Fi2.chuimg.com%2Fe86c08b767c14138ac95a2339015bbe9_600w_800h.jpg%3FimageView2%2F2%2Fw%2F660%2Finterlace%2F1%2Fq%2F90&refer=http%3A%2F%2Fi2.chuimg.com&app=2002&size=f9999,10000&q=a80&n=0&g=0n&fmt=jpeg?sec=1630753817&t=01f7bd87fcc89eca0db70a24cf3cc49b
枫缇红辣椒干35g重庆四川麻辣火锅干辣椒炒菜炖肉卤味	https://img.alicdn.com/bao/uploaded/i3/45823721/O1CN015EDhMN1dMGN73vRZp_%21%210-item_pic.jpg
韭菜虾仁三鲜水饺	https://gimg2.baidu.com/image_search/src=http%3A%2F%2Fcp1.douguo.net%2Fupload%2Fcaiku%2F5%2Fd%2F7%2Fyuan_5d1c6f9cb076e724c877ed1ea8907e87.jpeg&refer=http%3A%2F%2Fcp1.douguo.net&app=2002&size=f9999,10000&q=a80&n=0&g=0n&fmt=jpeg?sec=1632939307&t=6732461481405428d9beb4525a99d0c2
韩国爱果	https://gimg2.baidu.com/image_search/src=http%3A%2F%2Fatt3.citysbs.com%2F780x%2Fhaodian%2F2014%2F09%2F30%2F12%2Fmiddle_834x838-125319_20391412052799183_960c9c876a4a7cde2ecc6f8eaaca9980.jpg&refer=http%3A%2F%2Fatt3.citysbs.com&app=2002&size=f9999,10000&q=a80&n=0&g=0n&fmt=jpeg?sec=1630735423&t=b59d6f8eddde5977018bb0d3726fd160
桂圆童子鸡	https://gimg2.baidu.com/image_search/src=http%3A%2F%2Fcp2.douguo.net%2Fupload%2Fcaiku%2Fc%2Fb%2F4%2Fyuan_cb0a50a6670c5a2e0d617b99c469b604.jpg&refer=http%3A%2F%2Fcp2.douguo.net&app=2002&size=f9999,10000&q=a80&n=0&g=0n&fmt=jpeg?sec=1630784775&t=1d1afda7e38439214d1287160baafd3f
陪都重庆	https://gimg2.baidu.com/image_search/src=http%3A%2F%2Fimg3.doubanio.com%2Fview%2Fpage_note%2Flarge%2Fpublic%2Fp36958177-3.jpg&refer=http%3A%2F%2Fimg3.doubanio.com&app=2002&size=f9999,10000&q=a80&n=0&g=0n&fmt=jpeg?sec=1630730761&t=2886025f14f415232182df2f20c53fb8
成都军屯锅盔培训	https://gimg2.baidu.com/image_search/src=http%3A%2F%2Fimg.liexue.cn%2Fuploadfile%2Fattachment%2Feditor%2F201706%2F1498315929giy5k.jpg&refer=http%3A%2F%2Fimg.liexue.cn&app=2002&size=f9999,10000&q=a80&n=0&g=0n&fmt=jpeg?sec=1631792981&t=f79223927225807a524699dea6bbe80c
荔枝咕噜肉	https://gimg2.baidu.com/image_search/src=http%3A%2F%2Fstatic5.orstatic.com%2Fuserphoto2%2Fphoto%2FT%2FN09%2F04JLYC63724C8A36B8CFF9px.jpg&refer=http%3A%2F%2Fstatic5.orstatic.com&app=2002&size=f9999,10000&q=a80&n=0&g=0n&fmt=jpeg?sec=1631111359&t=ab06c9467ea86333bfae809f96341081
彩色柠檬切片	https://gimg2.baidu.com/image_search/src=http%3A%2F%2Fimg.sccnn.com%2Fbimg%2F338%2F20536.jpg&refer=http%3A%2F%2Fimg.sccnn.com&app=2002&size=f9999,10000&q=a80&n=0&g=0n&fmt=jpeg?sec=1632513649&t=c7210283ddad5a5e5ca30b6292bc5a59
我恰柠檬	https://gimg2.baidu.com/image_search/src=http%3A%2F%2Fimg.qingwk.com%2Fimages%2Fresource%2Ff48524%2Fq12122750%2F2019%2F08%2F16%2F98488_61248830537_wk.jpg&refer=http%3A%2F%2Fimg.qingwk.com&app=2002&size=f9999,10000&q=a80&n=0&g=0n&fmt=jpeg?sec=1631783923&t=570304fd87ab01abd0a448cd7ede5164
芝麻千层饼	https://gimg2.baidu.com/image_search/src=http%3A%2F%2Fcp2.douguo.net%2Fupload%2Fcaiku%2Fe%2F3%2F1%2Fyuan_e338c20cc3ebb779d5783c19197423c1.jpg&refer=http%3A%2F%2Fcp2.douguo.net&app=2002&size=f9999,10000&q=a80&n=0&g=0n&fmt=jpeg?sec=1632942110&t=a69c2d957bdd69b1b218e28845cef227
北京恒大御峰	https://gimg2.baidu.com/image_search/src=http%3A%2F%2Fpic6.ajkimg.com%2Floupan%2F461c0683011ac56bdd296538bdde826b%3FimageMogr2%2Fformat%2Fjpg%2Fthumbnail%2F5000x5000&refer=http%3A%2F%2Fpic6.ajkimg.com&app=2002&size=f9999,10000&q=a80&n=0&g=0n&fmt=jpeg?sec=1632507501&t=7a9b0c0557d74f55148f44b9d8ba63c2
蒜香马鲛鱼	https://gimg2.baidu.com/image_search/src=http%3A%2F%2Fi8.meishichina.com%2Fattachment%2Frecipe%2F2014%2F04%2F24%2F20140424132413263554811.jpg%40%21p800&refer=http%3A%2F%2Fi8.meishichina.com&app=2002&size=f9999,10000&q=a80&n=0&g=0n&fmt=jpeg?sec=1630894444&t=dffe8ddc0f29a14ce678f54ad1ea5e42
低卡咸蛋焗苦瓜	https://gimg2.baidu.com/image_search/src=http%3A%2F%2Fcp1.douguo.com%2Fupload%2Fcaiku%2F4%2F1%2Fc%2Fyuan_41a2401f68024e672287902300c91c8c.jpeg&refer=http%3A%2F%2Fcp1.douguo.com&app=2002&size=f9999,10000&q=a80&n=0&g=0n&fmt=jpeg?sec=1632902744&t=7cc85f262af018230bd422c5b1ab4554
凤尾肉片汤	https://gimg2.baidu.com/image_search/src=http%3A%2F%2Fcp1.douguo.net%2Fupload%2Fcaiku%2Fb%2F7%2F7%2Fyuan_b764536661cf53b076d69e02104d9c77.jpg&refer=http%3A%2F%2Fcp1.douguo.net&app=2002&size=f9999,10000&q=a80&n=0&g=0n&fmt=jpeg?sec=1631142495&t=26f5aebd4b9f10818c4e5a365c015d7b
进口威化饼干意大利原装进口可意奇榛子威化饼干早餐	https://img.alicdn.com/bao/uploaded/i1/10992550/O1CN01Zkh0Du1UhwV6UWrmn_%21%2110992550.jpg
什锦卤煮火烧	https://gimg2.baidu.com/image_search/src=http%3A%2F%2Fqcloud.dpfile.com%2Fpc%2Fbl7lzb24QDxSTqAr0IFpfUNRF3gy6yFkvJeA0GxHDThc9kX-oBDXcOcNNs3lqDhXjoJrvItByyS4HHaWdXyO_DrXIaWutJls2xCVbatkhjUNNiIYVnHvzugZCuBITtvjski7YaLlHpkrQUr5euoQrg.jpg&refer=http%3A%2F%2Fqcloud.dpfile.com&app=2002&size=f9999,10000&q=a80&n=0&g=0n&fmt=jpeg?sec=1631137297&t=028f452a9b08a466b523eb53cda33347
酸奶草莓奶昔	https://gimg2.baidu.com/image_search/src=http%3A%2F%2Fimg.mp.itc.cn%2Fupload%2F20160330%2F052d5c5946484f67b71e96e1786725a8_th.jpg&refer=http%3A%2F%2Fimg.mp.itc.cn&app=2002&size=f9999,10000&q=a80&n=0&g=0n&fmt=jpeg?sec=1632556466&t=d1d4d4651706e8291ac172d02beb086c
新疆录音棚	https://gimg2.baidu.com/image_search/src=http%3A%2F%2F10945055.s21i-10.faiusr.com%2F2%2FABUIABACGAAg2vbIwgUohJ7_twIwigU46wM.jpg&refer=http%3A%2F%2F10945055.s21i-10.faiusr.com&app=2002&size=f9999,10000&q=a80&n=0&g=0n&fmt=jpeg?sec=1631764825&t=e6e744b7621202dfa42a47ffb4006aa6
宫保炒凉粉	https://gimg2.baidu.com/image_search/src=http%3A%2F%2Fs2.cdn.xiachufang.com%2F730d793e555211e7bc9d0242ac110002_3024w_4032h.jpg%3FimageView2%2F2%2Fw%2F660%2Finterlace%2F1%2Fq%2F90&refer=http%3A%2F%2Fs2.cdn.xiachufang.com&app=2002&size=f9999,10000&q=a80&n=0&g=0n&fmt=jpeg?sec=1630903249&t=c50c72537ff9584be04f97c7f0fc2506
安客士牛排	https://gimg2.baidu.com/image_search/src=http%3A%2F%2Fqcloud.dpfile.com%2Fpc%2F9GnDGk0lto869J4OOA7DFS6J6kSL2JNeveFMnqu3eaqgmAD_yYyFEGo_I21-ctwCTK-l1dfmC-sNXFHV2eRvcw.jpg&refer=http%3A%2F%2Fqcloud.dpfile.com&app=2002&size=f9999,10000&q=a80&n=0&g=0n&fmt=jpeg?sec=1630832579&t=401607abcde7ee5c03c103c02131fc52
美味的黄豆炖猪蹄	https://gimg2.baidu.com/image_search/src=http%3A%2F%2Fwww.xinshishen.com%2Fuploads%2Fallimg%2F180119%2F573.jpg.jpg&refer=http%3A%2F%2Fwww.xinshishen.com&app=2002&size=f9999,10000&q=a80&n=0&g=0n&fmt=jpeg?sec=1630784748&t=8fcd0ff0e8b4562e2afb992a7a6834e3
奶香苹果派8寸	https://gimg2.baidu.com/image_search/src=http%3A%2F%2Fcp2.douguo.net%2Fupload%2Fcaiku%2Fc%2Fe%2F1%2Fyuan_ce5d53a922037c1a7496c71ab7cdf5e1.jpg&refer=http%3A%2F%2Fcp2.douguo.net&app=2002&size=f9999,10000&q=a80&n=0&g=0n&fmt=jpeg?sec=1630890505&t=b7152a8428c464e03cd307f86cf9b85e
来份芝士做的白菜炒肉	https://gimg2.baidu.com/image_search/src=http%3A%2F%2Fi2.chuimg.com%2Fed39b1aaab9c4483b8fa7d12da8307fb_1280w_1280h.jpg%3FimageView2%2F2%2Fw%2F600%2Finterlace%2F1%2Fq%2F90&refer=http%3A%2F%2Fi2.chuimg.com&app=2002&size=f9999,10000&q=a80&n=0&g=0n&fmt=jpeg?sec=1632585523&t=2a61dacccd8d3645d9596712ff04988c
意大利面配蔬菜肉酱汁	https://gimg2.baidu.com/image_search/src=http%3A%2F%2Fp1.meituan.net%2Fdeal%2F__14447932__8598587.jpg&refer=http%3A%2F%2Fp1.meituan.net&app=2002&size=f9999,10000&q=a80&n=0&g=0n&fmt=jpeg?sec=1632622603&t=0305f15af1a81ab77a1019543a6f5522
鳗鱼(白鳝)	https://gimg2.baidu.com/image_search/src=http%3A%2F%2Fimgqn.koudaitong.com%2Fupload_files%2F2015%2F07%2F15%2FFudSwjFW1VBIi1rg0XrLkl9tWFSJ.jpg%21580x580.jpg&refer=http%3A%2F%2Fimgqn.koudaitong.com&app=2002&size=f9999,10000&q=a80&n=0&g=0n&fmt=jpeg?sec=1632626624&t=59340ae9dec7ddd56ca7e3d162463c54
冻葡萄奶茶	https://gimg2.baidu.com/image_search/src=http%3A%2F%2Fs2.cdn.xiachufang.com%2F94be61fc895f11e6b87c0242ac110003_650w_650h.jpg%3FimageView2%2F2%2Fw%2F660%2Finterlace%2F1%2Fq%2F90&refer=http%3A%2F%2Fs2.cdn.xiachufang.com&app=2002&size=f9999,10000&q=a80&n=0&g=0n&fmt=jpeg?sec=1630778062&t=7b8a7b0a1fd46f208ede96ea009b2b73
红椒末葱花即可	https://gimg2.baidu.com/image_search/src=http%3A%2F%2Fpic.ecook.cn%2Fweb%2F260406809.jpg%21wd780&refer=http%3A%2F%2Fpic.ecook.cn&app=2002&size=f9999,10000&q=a80&n=0&g=0n&fmt=jpeg?sec=1631116176&t=4607c51a73cde2538f38acc09c4e7c26
喜而乐什锦果仁 开心果腰果榛子核桃等9种果仁混合多	https://img.alicdn.com/bao/uploaded/i4/56474948/O1CN01CDE5Xd1mQEPpxVreJ_%21%2156474948.jpg
浓鸡汤瑶柱木耳丝煮青瓜	https://gimg2.baidu.com/image_search/src=http%3A%2F%2Fqcloud.dpfile.com%2Fpc%2FmST11XavZ2XaNnVMaDiVDq1T7iZwLANke3R9dr99534MrwsCdlMrDD4UG1f5lZj_TYGVDmosZWTLal1WbWRW3A.jpg&refer=http%3A%2F%2Fqcloud.dpfile.com&app=2002&size=f9999,10000&q=a80&n=0&g=0n&fmt=jpeg?sec=1631737953&t=035c150b660b3fac86011cb6514169cc
浓香牛腩火锅	https://ss1.baidu.com/9vo3dSag_xI4khGko9WTAnF6hhy/baike/pic/item/b03533fa828ba61ec902bf224f34970a314e59ca.jpg
混椒鸡杂	https://gimg2.baidu.com/image_search/src=http%3A%2F%2Fimg.mp.sohu.com%2Fq_mini%2Cc_zoom%2Cw_640%2Fupload%2F20170730%2Fca558bc872564a62838f6a8adb622d27_th.jpg&refer=http%3A%2F%2Fimg.mp.sohu.com&app=2002&size=f9999,10000&q=a80&n=0&g=0n&fmt=jpeg?sec=1630598751&t=19540fbfe508d7020d1c11419b8ecb9b
汲耳黑木耳饮料	https://gimg2.baidu.com/image_search/src=http%3A%2F%2Fwww.sztk.net%2Fuploadfile%2F1477879061.jpg&refer=http%3A%2F%2Fwww.sztk.net&app=2002&size=f9999,10000&q=a80&n=0&g=0n&fmt=jpeg?sec=1630870905&t=2ad40120e6a30c4d034a35a543932e22
水果青瓜黄瓜意大利小青瓜新鲜沙拉凉拌蔬菜	https://gimg2.baidu.com/image_search/src=http%3A%2F%2Fimage5.suning.cn%2Fb2c%2Fcatentries%2F000000000133081106_4_800x800.jpg&refer=http%3A%2F%2Fimage5.suning.cn&app=2002&size=f9999,10000&q=a80&n=0&g=0n&fmt=jpeg?sec=1630794227&t=de41bc51566c3cbc3c87a917938b53b1
脆皮牛肉咖喱薯仔烧牛腩和味牛腩	https://gimg2.baidu.com/image_search/src=http%3A%2F%2Fnimg.ws.126.net%2F%3Furl%3Dhttp%253A%252F%252Fdingyue.ws.126.net%252F2021%252F0814%252F56d1f2f5j00qxtobl000ic000hs0091c.jpg%26thumbnail%3D650x2147483647%26quality%3D80%26type%3Djpg&refer=http%3A%2F%2Fnimg.ws.126.net&app=2002&size=f9999,10000&q=a80&n=0&g=0n&fmt=jpeg?sec=1632585082&t=fe8ea32a45cf37d33ab77a5f88552e93
糯米红枣糕	https://gimg2.baidu.com/image_search/src=http%3A%2F%2Fi8.meishichina.com%2Fattachment%2Frecipe%2F2018%2F03%2F22%2F20180322152172135653110208441.jpg%3Fx-oss-process%3Dstyle%2Fp800&refer=http%3A%2F%2Fi8.meishichina.com&app=2002&size=f9999,10000&q=a80&n=0&g=0n&fmt=jpeg?sec=1632942943&t=0b9aa078710ebe8f399a31859ae6cda0
老北京桂花酸梅汤	https://gimg2.baidu.com/image_search/src=http%3A%2F%2Fqcloud.dpfile.com%2Fpc%2FTK0ce2i5Pi5UMctTwWXevfmY5q7FjTBSpxryj97QOospXligJntXt0EPhmdVAUSzTYGVDmosZWTLal1WbWRW3A.jpg&refer=http%3A%2F%2Fqcloud.dpfile.com&app=2002&size=f9999,10000&q=a80&n=0&g=0n&fmt=jpeg?sec=1630744252&t=4cde51ffc610c64c661a542aec02c207
